attr,value
age,0.492057
injury,0.475189
sex,0.426342
airbagAvail,0.360413
Restraint,0.336849
airbagDeploy,0.278154
modelyr,0.253299
inimpact,0.225855
year,0.151842
